"","x"
"1","0rchard"
"2","10132510143cai"
"3","123chengbo"
"4","501177639"
"5","5urprise"
"6","91Eric"
"7","aaronpolhamus"
"8","abidmalik1967"
"9","abner2015"
"10","abuccts"
"11","acgtyrant"
"12","achao2013"
"13","adeagle"
"14","adithya-subramanian"
"15","Aelnabawy"
"16","Agoniii"
"17","ahmedezzateasa"
"18","AihahaFox"
"19","aileli"
"20","ainhoa2"
"21","akaitsuki-ii"
"22","akturtle"
"23","albert3858"
"24","albertyou2"
"25","AlecWong"
"26","alex-weaver"
"27","AlexIoannides"
"28","alexionby"
"29","alextnewman"
"30","alexwan2011"
"31","alexwwang"
"32","alinagithub"
"33","allankevinrichie"
"34","allenlverson"
"35","alvinjamur"
"36","amanaman118"
"37","ameshkoff"
"38","amilyk"
"39","amithr1"
"40","amitkb3"
"41","anatolfilin"
"42","anddelu"
"43","andreaolgiati"
"44","andremoeller"
"45","Andrjusha"
"46","andychao227"
"47","animebing"
"48","anirudh2290"
"49","anjishnu"
"50","annbech"
"51","Answeror"
"52","anthony-han"
"53","antinucleon"
"54","anxingle"
"55","ap-hynninen"
"56","apeng5399"
"57","arank"
"58","Arielnabai"
"59","ArtanisCV"
"60","artzers"
"61","ascust"
"62","asmith26"
"63","asmushetzel"
"64","Aspirinkb"
"65","assafmus"
"66","Atraii"
"67","attitudechunfeng"
"68","austingg"
"69","Azure-Vani"
"70","ba9els"
"71","bachml"
"72","back2yes"
"73","balla2011"
"74","bdlacree"
"75","bearnshaw"
"76","bearsroom"
"77","benqua"
"78","BensonBlack"
"79","benwu232"
"80","bertjiazheng"
"81","besirkurtulmus"
"82","bhokaal2k"
"83","biao187"
"84","bigxiuixu"
"85","bingo12345"
"86","BingzheWu"
"87","birolkuyumcu"
"88","bittnt"
"89","blazerygy"
"90","BobLiu20"
"91","boliu68"
"92","bonsairobo"
"93","boofhead"
"94","boyflytobeman"
"95","brackwang"
"96","bravomikekilo"
"97","brisker"
"98","bruinxiong"
"99","Bumblebee1964"
"100","buptweixin"
"101","buraksarica"
"102","burness"
"103","bwilbertz"
"104","caffeTao"
"105","cainiao2hao"
"106","camel007"
"107","caprice-j"
"108","carlosb1"
"109","CarlosUziel"
"110","catalystfrank"
"111","cchacholiades"
"112","Cdyzhao"
"113","celestesosmart"
"114","centosrhel"
"115","Ceolium"
"116","chakpongchung"
"117","changcheng1987"
"118","changingivan"
"119","changlinwan"
"120","channerduan01"
"121","chaoyuaw"
"122","CharlesMei"
"123","CharlieKirkwood"
"124","ChasonLee"
"125","chenboheng"
"126","ChenFengAndy"
"127","chenjx1005"
"128","ChenKQ"
"129","chenxu31"
"130","chenzhuo8804"
"131","cherishlc"
"132","cheshirecats"
"133","CheungXu"
"134","chimengxian"
"135","chrismoran0124"
"136","christallire"
"137","ChristianEschen"
"138","ChrisYang"
"139","cisou98"
"140","CitronMan"
"141","cjfan"
"142","cjolivier01"
"143","ckomaki"
"144","clcarwin"
"145","cleardusk"
"146","cloudhan"
"147","cloudygoose"
"148","Cloudyrie"
"149","CNevd"
"150","CodePothunter"
"151","coder-james"
"152","CodingCat"
"153","colbec"
"154","colinpriest"
"155","cometyang"
"156","constantineshu"
"157","csucat"
"158","ctongfei"
"159","cuihenggang"
"160","cuimiaomiao"
"161","Cv9527"
"162","CXMA479"
"163","cyrusmvahid"
"164","d4wud"
"165","DamonDeng"
"166","dangweili"
"167","danielgordon10"
"168","danimateos"
"169","danpovey"
"170","dansbecker"
"171","darrylbobo"
"172","Darwin-Lu"
"173","Darwin2011"
"174","dashaub"
"175","data-compute-geek"
"176","dave5556"
"177","DCYN"
"178","DeanDon"
"179","debasish83"
"180","deluopo"
"181","dengdan"
"182","Dianxj"
"183","dianyancao"
"184","DickJC123"
"185","diggerdu"
"186","dingningbuaa"
"187","divfor"
"188","dkleikesa"
"189","dleen"
"190","dmandreev"
"191","dmmiller612"
"192","dnaase"
"193","dockstreet"
"194","domdivakaruni"
"195","dsqx71"
"196","dtmoodie"
"197","dushoufu"
"198","Duum"
"199","DW9363"
"200","dx80232"
"201","dxp5823625"
"202","dytmas"
"203","eaplatanios"
"204","Earthson"
"205","EasonD3"
"206","EddieIT"
"207","edmBernard"
"208","EGQM"
"209","eldercrow"
"210","eric-haibin-lin"
"211","EricFisher"
"212","ernestbofill"
"213","erogol"
"214","Eshter"
"215","EthanMacdonald"
"216","everal"
"217","facundoq"
"218","fangyizhang"
"219","fanlu"
"220","FCInter"
"221","fedorzh"
"222","feiyulv"
"223","fengjunlv"
"224","fengshikun"
"225","fhieber"
"226","fionnan"
"227","firearasi"
"228","flash1293"
"229","flyers"
"230","flyingmouse"
"231","flyingzhao"
"232","FlyingZXC"
"233","forcecore"
"234","formath"
"235","ForoughA"
"236","fr407041"
"237","franknansdnu"
"238","freddycct"
"239","FreemanX"
"240","freesouls"
"241","fukatani"
"242","fullfanta"
"243","fungtion"
"244","futurely"
"245","GaiYu0"
"246","gajop"
"247","gary30404"
"248","gaush123"
"249","Gazillionth"
"250","Geekking"
"251","GekTo"
"252","Gelu74"
"253","gengyifeng"
"254","geoalgo"
"255","georg-at-github"
"256","George19890617"
"257","GeorgeXia1828"
"258","geraint0923"
"259","gerhardneuhold"
"260","gisoo2017"
"261","gleery"
"262","glingyan"
"263","GMarzinotto"
"264","gmyofustc"
"265","gnujimmik"
"266","Godricly"
"267","gold-mango"
"268","gosha1128"
"269","gramce"
"270","GravApple"
"271","great-thoughts"
"272","GreenKing"
"273","GrindstoneLZX"
"274","gugatr0n1c"
"275","guileryu01"
"276","guo253"
"277","GuohongLi"
"278","guolinke"
"279","guoquan"
"280","guotong1988"
"281","hack1nt0"
"282","haibarasiao"
"283","haimeh"
"284","happygds"
"285","happywu"
"286","haria"
"287","harouwu"
"288","harryprince"
"289","hbkunn"
"290","HBkunn"
"291","Hebali"
"292","helloworldlxb"
"293","hengck23"
"294","hetong007"
"295","hfutxrg"
"296","hiraditya"
"297","hjchen2"
"298","hjk41"
"299","Hjy20255"
"300","hoaphumanoid"
"301","hopef"
"302","horsepurve"
"303","horserma"
"304","hotpxl"
"305","howard0su"
"306","howardlinus"
"307","HrWangChengdu"
"308","huangzehao"
"309","HuitingLiu"
"310","hujunyao"
"311","humeafo"
"312","hwu84"
"313","hyichao"
"314","HyXieS"
"315","i-MaTh"
"316","ianxxiao"
"317","ibyte2011"
"318","idealboy"
"319","ieee8023"
"320","Iflier"
"321","II-Matto"
"322","ikvision"
"323","ilkarman"
"324","iluvatar593"
"325","indhub"
"326","ironyoung"
"327","itsarbit"
"328","ivokwee"
"329","IvyGongoogle"
"330","jacobdevlin"
"331","JaggerYoung"
"332","janelu9"
"333","jaredlander"
"334","javelinjs"
"335","jbcdnr"
"336","jcbsv"
"337","jdchoi77"
"338","jdeligt"
"339","jdukat"
"340","JeanKossaifi"
"341","JeffDong"
"342","JeffHebert"
"343","jellchou"
"344","jellyzhang"
"345","jennyzhang0215"
"346","jeremiedb"
"347","jermainewang"
"348","Jerryzcn"
"349","jiafeixiaoye"
"350","jiajiechen"
"351","jiapei100"
"352","jimxinbo"
"353","jinfagang"
"354","jingpengwu"
"355","jiumem"
"356","jli05"
"357","jmacglashan"
"358","jmerkow"
"359","jmschrei"
"360","joebling"
"361","JohanCao"
"362","john7farrell"
"363","Johnkuo"
"364","Johnqczhang"
"365","jonasrla"
"366","jonathanponce"
"367","jonbakerfish"
"368","JonBoyle87"
"369","JonBoyleCoding"
"370","Jordan20160310"
"371","jostep"
"372","joyivan"
"373","jrosebr1"
"374","jspisak"
"375","jsusskin"
"376","juilin"
"377","juliandewit"
"378","JulySouthWind"
"379","JulyUp"
"380","junranhe"
"381","junshipeng"
"382","JunWorks"
"383","jzxx"
"384","k-hashimoto"
"385","kadeng"
"386","Kaixhin"
"387","kaleidoscopical"
"388","kandycs"
"389","KangHsi"
"390","karishmamalkan"
"391","kate-crosby"
"392","KCHWang"
"393","Kdecem"
"394","Keiku"
"395","KeithYin"
"396","KeLipeng"
"397","KellenSunderland"
"398","kernel8liang"
"399","kevinthesun"
"400","kexul"
"401","KeyKy"
"402","khalida"
"403","kice"
"404","kikoqiu"
"405","kingder"
"406","kingvision"
"407","kishoreabhishek"
"408","kitman0804"
"409","kj-ki"
"410","koallen"
"411","kongjiellx"
"412","kperkins411"
"413","krosaen"
"414","ksofiyuk"
"415","kwanking"
"416","kxf8608"
"417","kyocen"
"418","l4mun"
"419","lan2720"
"420","lancerkz"
"421","lancerts"
"422","LaoAnchor"
"423","larroy"
"424","lasandcris"
"425","lazyparser"
"426","lazywei"
"427","lbilli"
"428","Lchiffon"
"429","Ldpe2G"
"430","leehonglak"
"431","leezu"
"432","leo-scorpio"
"433","leoli2012"
"434","leopd"
"435","leotam"
"436","leoxiaobin"
"437","lfdmotta"
"438","li-haoran"
"439","LiamZhuuu"
"440","liangfu"
"441","licstar"
"442","lightingghost"
"443","lilhope"
"444","lincoln2010"
"445","lincolnBush"
"446","lincolneejdk"
"447","lingyanz"
"448","linkerlin"
"449","linmx0130"
"450","linnanwang"
"451","Liquidburner"
"452","lisabug"
"453","lisiminy"
"454","Lisz1024"
"455","littleDing"
"456","liubenyuan"
"457","liumilan"
"458","liuxialong"
"459","liuyadong"
"460","liuzhi136"
"461","liyin2015"
"462","liyuance"
"463","lji72"
"464","ljie-PI"
"465","lmatuszek"
"466","lofrank"
"467","long-jian"
"468","loofahcus"
"469","lorismichel"
"470","Lorrainexun"
"471","louiskoo520"
"472","loweew"
"473","lsy17096535"
"474","lucheng07082221"
"475","lugui2009"
"476","lukemetz"
"477","Luo-Liang"
"478","luoruisichuan"
"479","luoyetx"
"480","lvaleriu"
"481","Lvhhhh"
"482","lx75249"
"483","lxduan"
"484","lxn2"
"485","ly-atdawn"
"486","lygstate"
"487","lyjday"
"488","lyttonhao"
"489","lzx1413"
"490","M2shad0w"
"491","machuck"
"492","madcarrot"
"493","madjam"
"494","madsenm"
"495","magic282"
"496","malhotraa"
"497","mangos47"
"498","Maofei"
"499","marcociccone"
"500","martinbel"
"501","Martini09"
"502","marugari"
"503","MasKong"
"504","mateuszr"
"505","matt32106"
"506","mavenlin"
"507","max0x"
"508","mcculloh"
"509","mcxkarakoc"
"510","meanmee"
"511","mebjas"
"512","melody-rain"
"513","metorm"
"514","metrofun"
"515","mg64ve"
"516","mhall119"
"517","mhzdlm"
"518","michaelmior"
"519","miguelgfierro"
"520","MikeHuYimin"
"521","minazou"
"522","minmatrix"
"523","MissFishLi"
"524","mittlin"
"525","mjamroz"
"526","mkolod"
"527","mli"
"528","mo-onstalker"
"529","MohammadAvrahem"
"530","monaen"
"531","moontails"
"532","morningpig917"
"533","morusu"
"534","motypas"
"535","moveforever"
"536","MrPig"
"537","Mrugankakarte"
"538","msdw"
"539","msollami"
"540","MU001999"
"541","mxnet-jenkins"
"542","my777777"
"543","mz24cn"
"544","mzhang001"
"545","mzmssg"
"546","n080509"
"547","n1kt0"
"548","NamLQ"
"549","narayaba"
"550","neiledgard"
"551","neodooth"
"552","nerddd"
"553","newzhx"
"554","ngmanhei"
"555","nichongjia"
"556","nicklhy"
"557","nihilityworld"
"558","nikrao"
"559","niluanwudidadi"
"560","NiranjanMudhiraj"
"561","nirbenz"
"562","nitnelave"
"563","niuchenglei"
"564","nmweizi"
"565","No41Name"
"566","NoListen"
"567","NoNamesLeft4Me"
"568","nopattern"
"569","novog"
"570","nswamy"
"571","NuoerSwift"
"572","ommiissyu"
"573","oneengineer"
"574","Orange15"
"575","Orpine"
"576","oura-fj"
"577","oyzh"
"578","p2004r"
"579","paipai880429"
"580","Palang2014"
"581","pallashadow"
"582","pangsaai"
"583","pauldubose"
"584","paulsendavidjay"
"585","pengpaiSH"
"586","Pennisetum"
"587","perp"
"588","peterzcc"
"589","PetroWu"
"590","pevnak"
"591","PhanTask"
"592","Phantom-Fan"
"593","philipskokoh"
"594","phunterlau"
"595","piggsy"
"596","piiswrong"
"597","pineking"
"598","pinglforever"
"599","Pinnh"
"600","Piyush3dB"
"601","pjpan"
"602","pluskid"
"603","PoisonBOx"
"604","poorfriend"
"605","ppaanngggg"
"606","ppwwyyxx"
"607","pqn"
"608","pranasblk"
"609","precedenceguo"
"610","predict-r"
"611","Primus-zhao"
"612","PrismQ"
"613","prokope3"
"614","ptrendx"
"615","Puriney"
"616","pyd1data"
"617","pzz2011"
"618","qcl6355"
"619","qggjonny"
"620","qianguih"
"621","qiaohaijun"
"622","qigongsun"
"623","qingqing01"
"624","qingswu"
"625","qinhui99"
"626","qiyuangong"
"627","QuantumLiu"
"628","quanzongfeng"
"629","Quares"
"630","Qunal"
"631","quocnle"
"632","qz28"
"633","R1ncy"
"634","raAen"
"635","Rafel-Mou"
"636","Rainy000"
"637","rajafan"
"638","rayjs"
"639","realbns2008"
"640","Redneckgirl96"
"641","reminisce"
"642","revilokeb"
"643","rfarouni"
"644","rfcv"
"645","rflai"
"646","rhythm9229"
"647","rightwaitforyou"
"648","RishabGargeya"
"649","rldotai"
"650","robert604"
"651","robotzheng"
"652","RogerBorras"
"653","rogerchen1226"
"654","rollingstone"
"655","rongrongxiangxin"
"656","rorschachhb"
"657","Roshrini"
"658","ruobo"
"659","ruotianluo"
"660","rz1988"
"661","SaharIr"
"662","saicoco"
"663","salemmohammed"
"664","sampathchanda"
"665","sandeep-krishnamurthy"
"666","saonim"
"667","saustar"
"668","sbodenstein"
"669","ScartleRoy"
"670","SDASDASA"
"671","Seanlinx"
"672","sergeykolychev"
"673","sethbrin"
"674","seuriously"
"675","seusofthd"
"676","SevenGong"
"677","shadowleaves"
"678","shahrajat"
"679","shahsarick"
"680","shallyan"
"681","Shashidhar123"
"682","ShawnWongMILab"
"683","ShawnXuan"
"684","shendl1978"
"685","shengwa"
"686","shenxiul"
"687","shesung"
"688","shimiaoyuan"
"689","Shiro-mx"
"690","shivarajugowda"
"691","shiyangdaisy23"
"692","shuaitang"
"693","shuangjiexu"
"694","shuokay"
"695","sifmelcara"
"696","sighingnow"
"697","sinmaystar"
"698","SJTUzhanglj"
"699","SkidanovAlex"
"700","skrish13"
"701","skywalkerytx"
"702","skywayoo"
"703","slaweks17"
"704","SlipknotTN"
"705","smbatchou"
"706","sodabeta7"
"707","sofiawu"
"708","songtianyi"
"709","Soonhwan-Kwon"
"710","SpecialM2580"
"711","spimenov"
"712","srand99"
"713","sshuair"
"714","ssoi"
"715","Stardust-"
"716","starimpact"
"717","statist-bhfz"
"718","StevenLOL"
"719","Strateus"
"720","Struggle-YD"
"721","studentdave"
"722","StuJia"
"723","sumethy"
"724","sun9700"
"725","sunke123"
"726","sunshineInmoon"
"727","SupDataKing"
"728","Superhzf"
"729","superzrx"
"730","svohara"
"731","swaak"
"732","swlsw"
"733","sxjscience"
"734","szad670401"
"735","szha"
"736","szilard"
"737","T800GHB"
"738","taliesinb"
"739","tanger830"
"740","tangjiasheng"
"741","taoari"
"742","taras-sereda"
"743","tawnkramer"
"744","tdomhan"
"745","Techro-Raj"
"746","tengpeng"
"747","terrychenism"
"748","terrytangyuan"
"749","thatindiandude"
"750","thesby"
"751","thirdwing"
"752","thsavage"
"753","thyu"
"754","Tiamaty"
"755","TigerBass"
"756","titicaca"
"757","tjuzhao111"
"758","tmatas"
"759","tmquan"
"760","to-shimo"
"761","tokyolearninng"
"762","topepo"
"763","tornadomeet"
"764","tqchen"
"765","Trangle"
"766","truesebastian"
"767","TseSteven"
"768","tuonion"
"769","twtygqyy"
"770","UBod"
"771","uestcbingo"
"772","ufoym"
"773","UfukCanBicici"
"774","ufukcbicici"
"775","umichyiwan"
"776","universewill"
"777","uzhao"
"778","vafl"
"779","vchuravy"
"780","vcodreanu"
"781","venkateshappea"
"782","Vesnica"
"783","victor128"
"784","vincentfung13"
"785","Viswa14"
"786","viswaraavi"
"787","Vogen"
"788","voidrank"
"789","VoVAllen"
"790","vra"
"791","vsooda"
"792","wac81"
"793","wachaong"
"794","Walid-Ahmed"
"795","wanderingpj"
"796","WangcsShuai"
"797","wangdelp"
"798","wangg12"
"799","wanghaisheng"
"800","wangzhangup"
"801","WarBean"
"802","wasaCheney"
"803","wave-electron"
"804","WDee"
"805","wdx04"
"806","weihaoxie"
"807","weihwang"
"808","weijianwen"
"809","weishengchong"
"810","wellecks"
"811","wellner"
"812","WellyZhang"
"813","wengyc"
"814","were"
"815","westpilgrim"
"816","wguo68"
"817","whaozl"
"818","whr94621"
"819","will945945945"
"820","windelu"
"821","windywinter"
"822","winstywang"
"823","wlike"
"824","woodthom2"
"825","wp8619"
"826","wranglerwong"
"827","wshenx"
"828","wsstriving"
"829","wsybupt"
"830","wwkong"
"831","wyjzz"
"832","wzl12356"
"833","xbkong"
"834","XD-DENG"
"835","xenmind"
"836","xgastaldi"
"837","xhniu"
"838","XHUJOY"
"839","xiahouzuoxin"
"840","xiandong79"
"841","xianzhuoliu"
"842","xiaomaxiao"
"843","Xiaoming-Zhao"
"844","xinghedyc"
"845","xioryu"
"846","xlvector"
"847","xmchen1987"
"848","xtuyaowu"
"849","xuancong84"
"850","XuBurning"
"851","xuyan5533"
"852","xylcbd"
"853","xzc9180"
"854","xzqjack"
"855","yaguanghu"
"856","yajiedesign"
"857","Yang507"
"858","Yangqing"
"859","yasserabbass"
"860","ydmo"
"861","yech1990"
"862","yechaochen"
"863","yetionyo"
"864","yingfeng"
"865","yinxiaochuan"
"866","yitang"
"867","yiyusheng"
"868","ykim362"
"869","ylqfp"
"870","yonadavs"
"871","yoosan"
"872","yourwanghao"
"873","ysh329"
"874","yuantangliang"
"875","yudeshui"
"876","YuetianLiu"
"877","YujiOshima"
"878","Yunrui"
"879","yuruofeifei"
"880","yuweiw823"
"881","yuzcccc"
"882","yxchng"
"883","yxzf"
"884","yzhang87"
"885","z-xiuxiu"
"886","zachmayer"
"887","zackchase"
"888","zdltheone"
"889","zdwolfe"
"890","zeakey"
"891","zedomel"
"892","zeeeyang"
"893","zencoding"
"894","Zepan"
"895","zhangchen-qinyinghua"
"896","zhanghan328"
"897","zhangjiulong"
"898","zhangqianhui"
"899","ZhaoJianghua"
"900","ZhaotangLuo"
"901","Zhaoyang-XU"
"902","zhaw"
"903","zhengxiawu"
"904","zhengxiawu123"
"905","zhenlinluo"
"906","zhenwendai"
"907","zhenxingjian"
"908","zhenzhen1022"
"909","zhiding"
"910","zhonghh"
"911","zhongkeli"
"912","zhoubinxyz"
"913","zhouphd"
"914","zhqshen"
"915","zhreshold"
"916","ZhreShold"
"917","zht3344"
"918","zhuangbohan"
"919","zhubuntu"
"920","zhugejun"
"921","zhyj3038"
"922","zihaolucky"
"923","ZihengJiang"
"924","ZijiaLewisLu"
"925","ZiJianZhao"
"926","ziyeqinghan"
"927","ZiyueHuang"
"928","zjubxl123"
"929","Zlinki"
"930","zlmzju"
"931","zmonoid"
"932","Zondabb"
"933","zorksylar"
"934","zsefvlol"
"935","zt706"
"936","zte960e"
"937","zwx8981"
"938","zxfzqf"
"939","zzmig"
